{"cameraMode":{"drawMode":0,"name":"Shaded","section":"Shading Mode"},"sceneLighting":true,"audioPlay":false,"sceneViewState":{"showFog":true,"showMaterialUpdate":false,"showSkybox":true,"showFlares":true,"showImageEffects":true,"showParticleSystems":true},"in2DMode":false,"pivot":{"x":31.509431838989259,"y":-5.638081073760986,"z":53.451866149902347},"rotation":{"x":0.03676915541291237,"y":0.961341142654419,"z":0.15977096557617188,"w":-0.2212415337562561},"size":2.9217593669891359,"orthographic":false}